ANO,CO_MES,CO_PRDT,CO_GEO1,CO_GEO3,kt_true,kt_test,kt_test_lr,experiment_id,oc_true,oc_test,oc_proba
26,01,31042090,21,999,121.33990478515625,73.23102849960327,54.13638102213541,4f42127b-de80-41e8-8f68-4ab325a0827f,1.0,1.0,1.0
26,02,31042090,21,999,33.25,40.972076613108314,24.380479274076606,4f42127b-de80-41e8-8f68-4ab325a0827f,1.0,1.0,0.7908333333333334
26,03,31042090,21,999,63.75,68.78289252037473,90.78213847683324,4f42127b-de80-41e8-8f68-4ab325a0827f,1.0,1.0,0.894
26,04,31042090,21,999,183.2530059814453,56.84891320546467,71.06690006817088,4f42127b-de80-41e8-8f68-4ab325a0827f,1.0,1.0,0.905
26,05,31042090,21,999,121.0699234008789,50.14366372852854,127.65154552459715,4f42127b-de80-41e8-8f68-4ab325a0827f,1.0,1.0,0.9020000000000001
26,06,31042090,21,999,118.93684387207031,116.0211785994636,113.74474252065022,4f42127b-de80-41e8-8f68-4ab325a0827f,1.0,1.0,0.899
26,07,31042090,21,999,104.57351684570312,109.02227497863771,95.65219523111978,4f42127b-de80-41e8-8f68-4ab325a0827f,1.0,1.0,1.0
26,08,31042090,21,999,180.53529357910156,99.77260231036233,141.14770889282227,4f42127b-de80-41e8-8f68-4ab325a0827f,1.0,1.0,1.0
26,09,31042090,21,999,103.5736312866211,125.11048667665507,133.09081954956056,4f42127b-de80-41e8-8f68-4ab325a0827f,1.0,1.0,1.0
26,10,31042090,21,999,72.4188003540039,138.3593998044332,140.10025075276693,4f42127b-de80-41e8-8f68-4ab325a0827f,1.0,1.0,1.0
26,11,31042090,21,999,131.0260009765625,67.75935711733501,34.60360692342121,4f42127b-de80-41e8-8f68-4ab325a0827f,1.0,1.0,1.0
26,12,31042090,21,999,122.63455963134766,45.46852347843231,20.923444747924776,4f42127b-de80-41e8-8f68-4ab325a0827f,1.0,1.0,1.0
27,01,31042090,21,999,162.52537536621094,97.10385248184204,77.52723948160806,4f42127b-de80-41e8-8f68-4ab325a0827f,1.0,1.0,1.0
27,02,31042090,21,999,74.19999694824219,36.050639519646055,9.504497925440432,4f42127b-de80-41e8-8f68-4ab325a0827f,1.0,1.0,0.8158333333333335
27,03,31042090,21,999,107.7770004272461,62.722629209139974,74.37410814621869,4f42127b-de80-41e8-8f68-4ab325a0827f,1.0,1.0,0.9072424242424235
27,04,31042090,21,999,67.8499984741211,69.22079067802429,126.9892584284147,4f42127b-de80-41e8-8f68-4ab325a0827f,1.0,1.0,0.8999999999999991
27,05,31042090,21,999,76.73757934570312,94.5953815080325,132.33215069899688,4f42127b-de80-41e8-8f68-4ab325a0827f,1.0,1.0,0.9054545454545446
27,06,31042090,21,999,92.30400085449219,114.28751357269284,107.59473565932242,4f42127b-de80-41e8-8f68-4ab325a0827f,1.0,1.0,0.9045454545454537
27,07,31042090,21,999,27.700000762939453,108.26995642228557,105.25227050781251,4f42127b-de80-41e8-8f68-4ab325a0827f,1.0,1.0,1.0
27,08,31042090,21,999,174.43699645996094,113.98141154661631,154.8660463968913,4f42127b-de80-41e8-8f68-4ab325a0827f,1.0,1.0,1.0
27,09,31042090,21,999,121.87092590332031,116.46702059730654,111.76492055257161,4f42127b-de80-41e8-8f68-4ab325a0827f,1.0,1.0,1.0
27,10,31042090,21,999,103.07500457763672,104.06738783772784,105.45866038004556,4f42127b-de80-41e8-8f68-4ab325a0827f,1.0,1.0,1.0
27,11,31042090,21,999,124.33861541748047,86.06079950078328,64.70992380777996,4f42127b-de80-41e8-8f68-4ab325a0827f,1.0,1.0,1.0
27,12,31042090,21,999,154.6009979248047,64.74564232330472,45.42983551025392,4f42127b-de80-41e8-8f68-4ab325a0827f,1.0,1.0,1.0
28,01,31042090,21,999,61.23076629638672,62.34611608505249,111.7200968424479,4f42127b-de80-41e8-8f68-4ab325a0827f,1.0,1.0,1.0
28,02,31042090,21,999,55.5,61.024015496571856,21.003375130730717,4f42127b-de80-41e8-8f68-4ab325a0827f,1.0,1.0,0.9875
28,03,31042090,21,999,193.1986846923828,81.99858090108539,77.93165230751038,4f42127b-de80-41e8-8f68-4ab325a0827f,1.0,1.0,0.8946190476190478
28,04,31042090,21,999,255.8009033203125,68.85110311421484,114.62018083881689,4f42127b-de80-41e8-8f68-4ab325a0827f,1.0,1.0,0.9190714285714288
28,05,31042090,21,999,96.423095703125,89.3902055394763,113.95621573130289,4f42127b-de80-41e8-8f68-4ab325a0827f,1.0,1.0,0.92
28,06,31042090,21,999,74.69981384277344,114.32744494178081,83.52371149624094,4f42127b-de80-41e8-8f68-4ab325a0827f,1.0,1.0,0.9083333333333335
28,07,31042090,21,999,75.62200164794922,103.13360596021019,76.94213307698567,4f42127b-de80-41e8-8f68-4ab325a0827f,1.0,1.0,1.0
28,08,31042090,21,999,235.79148864746094,141.0749943890345,150.63409754435224,4f42127b-de80-41e8-8f68-4ab325a0827f,1.0,1.0,1.0
28,09,31042090,21,999,188.31199645996094,191.60206392818026,104.25398228963218,4f42127b-de80-41e8-8f68-4ab325a0827f,1.0,1.0,1.0
28,10,31042090,21,999,45.472999572753906,98.08132036844889,121.85960896809895,4f42127b-de80-41e8-8f68-4ab325a0827f,1.0,1.0,1.0
28,11,31042090,21,999,117.32611083984375,114.52901315125965,97.58912989298503,4f42127b-de80-41e8-8f68-4ab325a0827f,1.0,1.0,1.0
28,12,31042090,21,999,289.79302978515625,99.92360847395115,83.15165672302247,4f42127b-de80-41e8-8f68-4ab325a0827f,1.0,1.0,1.0
29,01,31042090,21,999,78.57601928710938,64.28286981582642,112.0514773050944,4f42127b-de80-41e8-8f68-4ab325a0827f,1.0,1.0,1.0
29,02,31042090,21,999,78.76000213623047,59.50059389368692,49.94787286809973,4f42127b-de80-41e8-8f68-4ab325a0827f,1.0,1.0,1.0
29,03,31042090,21,999,84.2924575805664,141.12220815713064,126.27065808064229,4f42127b-de80-41e8-8f68-4ab325a0827f,1.0,1.0,0.8962985347985339
29,04,31042090,21,999,153.897705078125,85.6039468995957,189.57011090742571,4f42127b-de80-41e8-8f68-4ab325a0827f,1.0,1.0,0.9171978021978014
29,05,31042090,21,999,403.1949157714844,229.76930956141155,107.98130927085876,4f42127b-de80-41e8-8f68-4ab325a0827f,1.0,1.0,0.929999999999999
29,06,31042090,21,999,133.47933959960938,104.55439178766521,55.579983687400784,4f42127b-de80-41e8-8f68-4ab325a0827f,1.0,1.0,0.9153846153846144
29,07,31042090,21,999,174.994140625,100.60887667435868,64.53042424519856,4f42127b-de80-41e8-8f68-4ab325a0827f,1.0,1.0,1.0
29,08,31042090,21,999,139.87460327148438,170.80914081609808,165.76917063395183,4f42127b-de80-41e8-8f68-4ab325a0827f,1.0,1.0,1.0
29,09,31042090,21,999,170.57949829101562,125.24381313693333,130.19032389322916,4f42127b-de80-41e8-8f68-4ab325a0827f,1.0,1.0,1.0
29,10,31042090,21,999,78.18699645996094,80.72330252710978,82.62885233561198,4f42127b-de80-41e8-8f68-4ab325a0827f,1.0,1.0,1.0
29,11,31042090,21,999,215.26702880859375,118.91179949824016,123.37857818603517,4f42127b-de80-41e8-8f68-4ab325a0827f,1.0,1.0,1.0
29,12,31042090,21,999,145.89599609375,96.25063805441901,200.77126337687173,4f42127b-de80-41e8-8f68-4ab325a0827f,1.0,1.0,1.0
30,01,31042090,21,999,13.399999618530273,69.81753602981567,112.68593037923178,4f42127b-de80-41e8-8f68-4ab325a0827f,1.0,1.0,1.0
30,02,31042090,21,999,177.2347412109375,66.48256531778972,58.188646952311196,4f42127b-de80-41e8-8f68-4ab325a0827f,1.0,1.0,0.9585000000000001
30,03,31042090,21,999,104.32609558105469,127.76005429385954,126.56080763017806,4f42127b-de80-41e8-8f68-4ab325a0827f,1.0,1.0,0.9255595238095238
30,04,31042090,21,999,83.69258117675781,99.39473285063721,193.75329615275058,4f42127b-de80-41e8-8f68-4ab325a0827f,1.0,1.0,0.9287738095238093
30,05,31042090,21,999,168.92041015625,299.25373789308185,223.4701734665901,4f42127b-de80-41e8-8f68-4ab325a0827f,1.0,1.0,0.9371428571428578
30,06,31042090,21,999,202.01641845703125,120.78936111015626,113.03058977384825,4f42127b-de80-41e8-8f68-4ab325a0827f,1.0,1.0,0.9178571428571431
30,07,31042090,21,999,109.89346313476562,106.06919583729338,105.04317728678386,4f42127b-de80-41e8-8f68-4ab325a0827f,1.0,1.0,1.0
30,08,31042090,21,999,67.43608856201172,173.23550311654716,148.91407267252603,4f42127b-de80-41e8-8f68-4ab325a0827f,1.0,1.0,1.0
30,09,31042090,21,999,172.4126739501953,200.54571957015992,168.98225631713868,4f42127b-de80-41e8-8f68-4ab325a0827f,1.0,1.0,1.0
30,10,31042090,21,999,54.401100158691406,69.73074603017172,75.51898854573565,4f42127b-de80-41e8-8f68-4ab325a0827f,1.0,1.0,1.0
30,11,31042090,21,999,113.23180389404297,114.83359460767113,174.14531529744465,4f42127b-de80-41e8-8f68-4ab325a0827f,1.0,1.0,1.0
30,12,31042090,21,999,113.5,94.89766045369754,214.27406603495285,4f42127b-de80-41e8-8f68-4ab325a0827f,1.0,1.0,1.0
31,01,31042090,21,999,68.03810119628906,35.21485155105591,74.2497309366862,4f42127b-de80-41e8-8f68-4ab325a0827f,1.0,1.0,1.0
31,02,31042090,21,999,123.05740356445312,123.46868177731832,108.530221490299,4f42127b-de80-41e8-8f68-4ab325a0827f,1.0,1.0,1.0
31,03,31042090,21,999,223.33804321289062,117.69889997491386,120.6955337524414,4f42127b-de80-41e8-8f68-4ab325a0827f,1.0,1.0,0.9267658730158727
31,04,31042090,21,999,101.77200317382812,102.52782712883422,173.8504340844996,4f42127b-de80-41e8-8f68-4ab325a0827f,1.0,1.0,0.946833333333333
31,05,31042090,21,999,89.52300262451172,127.36096013785924,215.00333695941504,4f42127b-de80-41e8-8f68-4ab325a0827f,1.0,1.0,0.9346666666666661
31,06,31042090,21,999,243.68157958984375,124.98695409145049,152.60728513614552,4f42127b-de80-41e8-8f68-4ab325a0827f,1.0,1.0,0.9373333333333327
31,07,31042090,21,999,96.51728057861328,105.70720194753011,111.50752538045248,4f42127b-de80-41e8-8f68-4ab325a0827f,1.0,1.0,1.0
31,08,31042090,21,999,131.6894989013672,136.61234864752632,98.22643585205077,4f42127b-de80-41e8-8f68-4ab325a0827f,1.0,1.0,1.0
31,09,31042090,21,999,230.78053283691406,145.19746264819497,166.4978225708008,4f42127b-de80-41e8-8f68-4ab325a0827f,1.0,1.0,1.0
31,10,31042090,21,999,59.887001037597656,68.03471876907349,35.203961181640636,4f42127b-de80-41e8-8f68-4ab325a0827f,1.0,1.0,1.0
31,11,31042090,21,999,151.4687957763672,167.839247274308,171.73620452880857,4f42127b-de80-41e8-8f68-4ab325a0827f,1.0,1.0,1.0
31,12,31042090,21,999,96.93199920654297,98.47162038342653,205.86432444254558,4f42127b-de80-41e8-8f68-4ab325a0827f,1.0,1.0,1.0
32,01,31042090,21,999,38.66904067993164,54.71645292282105,69.15591684977213,4f42127b-de80-41e8-8f68-4ab325a0827f,1.0,1.0,1.0
32,02,31042090,21,999,63.34531784057617,132.59937212689715,127.66525106122418,4f42127b-de80-41e8-8f68-4ab325a0827f,1.0,1.0,0.8493333333333336
32,03,31042090,21,999,212.87376403808594,173.1127597788856,165.66102137846104,4f42127b-de80-41e8-8f68-4ab325a0827f,1.0,1.0,0.8942341269841269
32,04,31042090,21,999,73.92950439453125,110.2729688331967,148.88579625775736,4f42127b-de80-41e8-8f68-4ab325a0827f,1.0,1.0,0.9674305555555555
32,05,31042090,21,999,98.65029907226562,292.53003743313985,177.9967186609904,4f42127b-de80-41e8-8f68-4ab325a0827f,1.0,1.0,0.9364583333333334
32,06,31042090,21,999,149.51138305664062,120.42765463604246,179.33626912434897,4f42127b-de80-41e8-8f68-4ab325a0827f,1.0,1.0,0.936875
32,07,31042090,21,999,250.88674926757812,107.35562433958053,104.78686930338542,4f42127b-de80-41e8-8f68-4ab325a0827f,1.0,1.0,1.0
32,08,31042090,21,999,327.48046875,127.84548967491634,135.6351282755534,4f42127b-de80-41e8-8f68-4ab325a0827f,1.0,1.0,1.0
32,09,31042090,21,999,135.22239685058594,199.9855249183291,203.014909362793,4f42127b-de80-41e8-8f68-4ab325a0827f,1.0,1.0,1.0
32,10,31042090,21,999,35.21299743652344,66.02627124404908,41.830428568522166,4f42127b-de80-41e8-8f68-4ab325a0827f,1.0,1.0,1.0
32,11,31042090,21,999,48.84038162231445,169.75989889853344,182.26906077067056,4f42127b-de80-41e8-8f68-4ab325a0827f,1.0,1.0,1.0
32,12,31042090,21,999,106.8488540649414,90.94317393034345,182.5171787261963,4f42127b-de80-41e8-8f68-4ab325a0827f,1.0,1.0,1.0
33,01,31042090,21,999,5.0,34.87685726165771,63.39084370930989,4f42127b-de80-41e8-8f68-4ab325a0827f,1.0,1.0,1.0
33,02,31042090,21,999,147.843994140625,102.39961040051776,135.78738233778216,4f42127b-de80-41e8-8f68-4ab325a0827f,1.0,1.0,1.0
33,03,31042090,21,999,99.68146514892578,157.7712571211315,222.92597858059804,4f42127b-de80-41e8-8f68-4ab325a0827f,1.0,1.0,0.9105044351073762
33,04,31042090,21,999,86.4505615234375,117.0863017928055,125.85802650451662,4f42127b-de80-41e8-8f68-4ab325a0827f,1.0,1.0,0.9669990662931838
33,05,31042090,21,999,118.59419250488281,101.70389545081913,143.00891304016113,4f42127b-de80-41e8-8f68-4ab325a0827f,1.0,1.0,0.9399999999999992
33,06,31042090,21,999,120.18253326416016,137.6794018959789,186.56294542200425,4f42127b-de80-41e8-8f68-4ab325a0827f,1.0,1.0,0.9364705882352934
33,07,31042090,21,999,121.83708190917969,122.59601321336336,167.51498692830407,4f42127b-de80-41e8-8f68-4ab325a0827f,1.0,1.0,1.0
33,08,31042090,21,999,313.5892639160156,200.5689925815037,219.85264739990237,4f42127b-de80-41e8-8f68-4ab325a0827f,1.0,1.0,1.0
33,09,31042090,21,999,219.85009765625,183.5414590400211,192.3131108601888,4f42127b-de80-41e8-8f68-4ab325a0827f,1.0,1.0,1.0
33,10,31042090,21,999,183.46368408203125,136.09424086252847,31.698570251464787,4f42127b-de80-41e8-8f68-4ab325a0827f,1.0,1.0,1.0
33,11,31042090,21,999,229.6630859375,159.15835610189893,138.04409383138025,4f42127b-de80-41e8-8f68-4ab325a0827f,1.0,1.0,1.0
33,12,31042090,21,999,149.9901580810547,97.44205632764852,163.46640853881837,4f42127b-de80-41e8-8f68-4ab325a0827f,1.0,1.0,1.0
34,01,31042090,21,999,17.58502960205078,38.03891918182373,27.570578765869158,4f42127b-de80-41e8-8f68-4ab325a0827f,1.0,1.0,1.0
34,02,31042090,21,999,41.017066955566406,111.23332884597775,153.3260932922363,4f42127b-de80-41e8-8f68-4ab325a0827f,1.0,1.0,1.0
34,03,31042090,21,999,116.76348876953125,125.83897198322603,188.00276692708334,4f42127b-de80-41e8-8f68-4ab325a0827f,1.0,1.0,0.9813290043290043
34,04,31042090,21,999,125.1221694946289,122.13966453345664,112.14329020182291,4f42127b-de80-41e8-8f68-4ab325a0827f,1.0,1.0,0.9856944444444444
34,05,31042090,21,999,88.61438751220703,148.64022684709954,178.5735264460246,4f42127b-de80-41e8-8f68-4ab325a0827f,1.0,1.0,0.888888888888888
34,06,31042090,21,999,144.19003295898438,167.411600973083,198.8540355805428,4f42127b-de80-41e8-8f68-4ab325a0827f,1.0,1.0,0.9355555555555545
34,07,31042090,21,999,95.21285247802734,112.07505882418805,172.95669911702478,4f42127b-de80-41e8-8f68-4ab325a0827f,1.0,1.0,1.0
34,08,31042090,21,999,99.30433654785156,154.9944621963501,286.7965733846029,4f42127b-de80-41e8-8f68-4ab325a0827f,1.0,1.0,1.0
34,09,31042090,21,999,291.8336181640625,191.12239699820864,212.62755482991534,4f42127b-de80-41e8-8f68-4ab325a0827f,1.0,1.0,1.0
34,10,31042090,21,999,121.87181854248047,160.2809757232666,75.17359263102215,4f42127b-de80-41e8-8f68-4ab325a0827f,1.0,1.0,1.0
34,11,31042090,21,999,41.43727493286133,168.8864852994283,182.06141331990563,4f42127b-de80-41e8-8f68-4ab325a0827f,1.0,1.0,1.0
34,12,31042090,21,999,28.839941024780273,96.52754096401748,168.13134371439617,4f42127b-de80-41e8-8f68-4ab325a0827f,1.0,1.0,1.0
35,01,31042090,21,999,72.13440704345703,16.464750061035158,-0.5989713033040402,4f42127b-de80-41e8-8f68-4ab325a0827f,1.0,1.0,1.0
35,02,31042090,21,999,163.73062133789062,67.25323436101277,121.50468953450522,4f42127b-de80-41e8-8f68-4ab325a0827f,1.0,1.0,1.0
35,03,31042090,21,999,172.87142944335938,114.4473529370461,171.36374664306643,4f42127b-de80-41e8-8f68-4ab325a0827f,1.0,1.0,0.9884084263689528
35,04,31042090,21,999,94.95278930664062,123.11077007815062,88.12538706461586,4f42127b-de80-41e8-8f68-4ab325a0827f,1.0,1.0,0.9888640350877194
35,05,31042090,21,999,168.35055541992188,104.96110085466178,134.8363868713379,4f42127b-de80-41e8-8f68-4ab325a0827f,1.0,1.0,0.9178508771929821
35,06,31042090,21,999,216.9606170654297,171.85929093556584,179.15080494350858,4f42127b-de80-41e8-8f68-4ab325a0827f,1.0,1.0,0.9394736842105256
35,07,31042090,21,999,160.23622131347656,106.79414911821468,147.56624170939128,4f42127b-de80-41e8-8f68-4ab325a0827f,1.0,1.0,1.0
35,08,31042090,21,999,125.13458251953125,135.2776416932969,230.89266001383461,4f42127b-de80-41e8-8f68-4ab325a0827f,1.0,1.0,1.0
35,09,31042090,21,999,125.40684509277344,229.5331379991355,262.08621164957685,4f42127b-de80-41e8-8f68-4ab325a0827f,1.0,1.0,1.0
35,10,31042090,21,999,100.28207397460938,143.69157195917768,85.12748616536459,4f42127b-de80-41e8-8f68-4ab325a0827f,1.0,1.0,1.0
35,11,31042090,21,999,141.7193145751953,151.61111665980022,127.4210683186849,4f42127b-de80-41e8-8f68-4ab325a0827f,1.0,1.0,1.0
35,12,31042090,21,999,74.0672607421875,88.86103335141053,98.59219640096026,4f42127b-de80-41e8-8f68-4ab325a0827f,1.0,1.0,1.0
36,01,31042090,21,999,73.45338439941406,75.69401216506958,3.7275788625080963,4f42127b-de80-41e8-8f68-4ab325a0827f,1.0,1.0,1.0
36,02,31042090,21,999,167.97323608398438,111.76020509565446,139.23870315551758,4f42127b-de80-41e8-8f68-4ab325a0827f,1.0,1.0,1.0
36,03,31042090,21,999,122.88311004638672,141.23839396846105,173.95951131184896,4f42127b-de80-41e8-8f68-4ab325a0827f,1.0,1.0,1.0
36,04,31042090,21,999,57.05323028564453,98.90308476840454,73.92633412679032,4f42127b-de80-41e8-8f68-4ab325a0827f,1.0,1.0,0.9936818181818182
36,05,31042090,21,999,118.85914611816406,135.22386927108155,130.557421875,4f42127b-de80-41e8-8f68-4ab325a0827f,1.0,1.0,0.9708333333333333
36,06,31042090,21,999,162.26060485839844,187.62959663472816,201.68262532552086,4f42127b-de80-41e8-8f68-4ab325a0827f,1.0,1.0,0.9500000000000004
36,07,31042090,21,999,144.5936737060547,132.48612585298795,169.04504241943357,4f42127b-de80-41e8-8f68-4ab325a0827f,1.0,1.0,1.0
36,08,31042090,21,999,133.35894775390625,121.32092846104455,179.24475758870443,4f42127b-de80-41e8-8f68-4ab325a0827f,1.0,1.0,1.0
36,09,31042090,21,999,94.70711517333984,247.96114825524225,225.8583826700846,4f42127b-de80-41e8-8f68-4ab325a0827f,1.0,1.0,1.0
36,10,31042090,21,999,158.1674346923828,152.32936021041868,117.05606384277343,4f42127b-de80-41e8-8f68-4ab325a0827f,1.0,1.0,1.0
36,11,31042090,21,999,151.698486328125,167.67139878845214,118.65092010498047,4f42127b-de80-41e8-8f68-4ab325a0827f,1.0,1.0,1.0
36,12,31042090,21,999,95.97102355957031,85.265448951305,56.63838386535639,4f42127b-de80-41e8-8f68-4ab325a0827f,1.0,1.0,1.0
37,01,31042090,21,999,51.47768783569336,59.26308778762817,22.89966430664063,4f42127b-de80-41e8-8f68-4ab325a0827f,1.0,1.0,1.0
37,02,31042090,21,999,110.94898986816406,114.94728807512918,151.4320546468099,4f42127b-de80-41e8-8f68-4ab325a0827f,1.0,1.0,1.0
37,03,31042090,21,999,107.3405990600586,129.5086999508526,148.18792673746745,4f42127b-de80-41e8-8f68-4ab325a0827f,1.0,1.0,0.9985714285714287
37,04,31042090,21,999,224.63673400878906,123.75073465981549,63.83367970784508,4f42127b-de80-41e8-8f68-4ab325a0827f,1.0,1.0,0.9909393939393938
37,05,31042090,21,999,221.96499633789062,289.8897501693907,115.04783579508464,4f42127b-de80-41e8-8f68-4ab325a0827f,1.0,1.0,0.9582142857142851
37,06,31042090,21,999,178.53128051757812,190.17556768598126,198.57252146402993,4f42127b-de80-41e8-8f68-4ab325a0827f,1.0,1.0,0.9501944444444432
37,07,31042090,21,999,148.67674255371094,117.80020268840367,173.60389582316083,4f42127b-de80-41e8-8f68-4ab325a0827f,1.0,1.0,1.0
37,08,31042090,21,999,119.7572021484375,126.05633052072073,161.04624023437498,4f42127b-de80-41e8-8f68-4ab325a0827f,1.0,1.0,1.0
37,09,31042090,21,999,101.57949829101562,164.34096115799557,174.03804931640624,4f42127b-de80-41e8-8f68-4ab325a0827f,1.0,1.0,1.0
37,10,31042090,21,999,34.343326568603516,63.32951076761882,142.68321940104167,4f42127b-de80-41e8-8f68-4ab325a0827f,1.0,1.0,1.0
37,11,31042090,21,999,57.469688415527344,86.27469807222153,126.64935404459632,4f42127b-de80-41e8-8f68-4ab325a0827f,1.0,1.0,1.0
37,12,31042090,21,999,83.74346923828125,84.98127906023767,42.18915608723955,4f42127b-de80-41e8-8f68-4ab325a0827f,1.0,1.0,1.0
38,01,31042090,21,999,236.18185424804688,127.38592597961426,47.45669797261556,4f42127b-de80-41e8-8f68-4ab325a0827f,1.0,1.0,1.0
38,02,31042090,21,999,66.45262908935547,150.08880235417686,142.7541577657064,4f42127b-de80-41e8-8f68-4ab325a0827f,1.0,1.0,1.0
38,03,31042090,21,999,178.71221923828125,148.52417854033575,123.99766387939457,4f42127b-de80-41e8-8f68-4ab325a0827f,1.0,1.0,1.0
38,04,31042090,21,999,81.93846130371094,113.83339884975926,98.41360982259118,4f42127b-de80-41e8-8f68-4ab325a0827f,1.0,1.0,0.9972727272727273
38,05,31042090,21,999,300.7363586425781,182.9276059354752,129.10601654052738,4f42127b-de80-41e8-8f68-4ab325a0827f,1.0,1.0,0.9936363636363634
38,06,31042090,21,999,168.0608367919922,191.76237532874362,191.9803456624349,4f42127b-de80-41e8-8f68-4ab325a0827f,1.0,1.0,0.947669191919191
38,07,31042090,21,999,127.323974609375,122.38611906838415,156.62836201985675,4f42127b-de80-41e8-8f68-4ab325a0827f,1.0,1.0,1.0
38,08,31042090,21,999,257.81402587890625,237.95608273097437,138.9259017944336,4f42127b-de80-41e8-8f68-4ab325a0827f,1.0,1.0,1.0
38,09,31042090,21,999,138.9365692138672,135.2691169529264,130.43704884847006,4f42127b-de80-41e8-8f68-4ab325a0827f,1.0,1.0,1.0
38,10,31042090,21,999,124.16998291015625,159.58586181949434,121.23914388020832,4f42127b-de80-41e8-8f68-4ab325a0827f,1.0,1.0,1.0
38,11,31042090,21,999,85.59672546386719,70.25340771952129,93.79480031331377,4f42127b-de80-41e8-8f68-4ab325a0827f,1.0,1.0,1.0
38,12,31042090,21,999,151.7663116455078,84.24909748752572,33.15085919698083,4f42127b-de80-41e8-8f68-4ab325a0827f,1.0,1.0,1.0
39,01,31042090,21,999,102.77522277832031,133.88647054672242,126.28668162027992,4f42127b-de80-41e8-8f68-4ab325a0827f,1.0,1.0,1.0
39,02,31042090,21,999,167.1435546875,101.90016550100415,108.84111785888672,4f42127b-de80-41e8-8f68-4ab325a0827f,1.0,1.0,1.0
39,03,31042090,21,999,156.26031494140625,123.11753315964957,151.1642583211263,4f42127b-de80-41e8-8f68-4ab325a0827f,1.0,1.0,0.9991666666666668
39,04,31042090,21,999,95.60211181640625,82.64725259710009,115.58202311197917,4f42127b-de80-41e8-8f68-4ab325a0827f,1.0,1.0,1.0
39,05,31042090,21,999,195.17626953125,312.8626713471186,170.24038543701172,4f42127b-de80-41e8-8f68-4ab325a0827f,1.0,1.0,0.9956521739130434
39,06,31042090,21,999,229.3153533935547,194.4800086277557,170.7570571899414,4f42127b-de80-41e8-8f68-4ab325a0827f,1.0,1.0,0.9452008124725519
39,07,31042090,21,999,269.03680419921875,200.4470146475352,135.8258051554362,4f42127b-de80-41e8-8f68-4ab325a0827f,1.0,1.0,1.0
39,08,31042090,21,999,253.66265869140625,270.89604009731227,192.0348103841146,4f42127b-de80-41e8-8f68-4ab325a0827f,1.0,1.0,1.0
39,09,31042090,21,999,120.98159790039062,131.18168302775183,120.84925740559896,4f42127b-de80-41e8-8f68-4ab325a0827f,1.0,1.0,1.0
39,10,31042090,21,999,219.2671356201172,124.8132603314718,124.94730809529622,4f42127b-de80-41e8-8f68-4ab325a0827f,1.0,1.0,1.0
39,11,31042090,21,999,124.67864227294922,142.75457267143614,74.77898864746095,4f42127b-de80-41e8-8f68-4ab325a0827f,1.0,1.0,1.0
39,12,31042090,21,999,142.07754516601562,89.47846392277714,92.09674301147462,4f42127b-de80-41e8-8f68-4ab325a0827f,1.0,1.0,1.0
40,01,31042090,21,999,80.59355926513672,58.58837738037109,144.71600761413583,4f42127b-de80-41e8-8f68-4ab325a0827f,1.0,1.0,1.0
40,02,31042090,21,999,244.01876831054688,131.52503685760496,120.6769401550293,4f42127b-de80-41e8-8f68-4ab325a0827f,1.0,1.0,1.0
40,03,31042090,21,999,216.87713623046875,192.92986312693643,141.2741948445638,4f42127b-de80-41e8-8f68-4ab325a0827f,1.0,1.0,1.0
40,04,31042090,21,999,208.45037841796875,127.6170677553218,122.63253987630209,4f42127b-de80-41e8-8f68-4ab325a0827f,1.0,1.0,0.997
40,05,31042090,21,999,339.8580322265625,278.9711235102093,237.3356531778972,4f42127b-de80-41e8-8f68-4ab325a0827f,1.0,1.0,0.99
40,06,31042090,21,999,228.8040008544922,194.04528454845456,183.48604736328127,4f42127b-de80-41e8-8f68-4ab325a0827f,1.0,1.0,0.9499141414141411
40,07,31042090,21,999,358.80517578125,235.48931246957451,194.7608189900716,4f42127b-de80-41e8-8f68-4ab325a0827f,1.0,1.0,1.0
40,08,31042090,21,999,227.46249389648438,268.989478133792,216.43716684977215,4f42127b-de80-41e8-8f68-4ab325a0827f,1.0,1.0,1.0
40,09,31042090,21,999,194.2421417236328,169.5255242620499,102.64250640869136,4f42127b-de80-41e8-8f68-4ab325a0827f,1.0,1.0,1.0
40,10,31042090,21,999,125.04158020019531,49.12591251813797,170.17160034179688,4f42127b-de80-41e8-8f68-4ab325a0827f,1.0,1.0,1.0
40,11,31042090,21,999,50.27840042114258,73.33046652042918,99.62881418863931,4f42127b-de80-41e8-8f68-4ab325a0827f,1.0,1.0,1.0
40,12,31042090,21,999,302.3955383300781,215.32410530212465,117.99635912577311,4f42127b-de80-41e8-8f68-4ab325a0827f,1.0,1.0,1.0
41,01,31042090,21,999,,133.0612052536011,135.27911605834964,4f42127b-de80-41e8-8f68-4ab325a0827f,,1.0,1.0
41,02,31042090,21,999,,82.53469550704955,183.6305414835612,4f42127b-de80-41e8-8f68-4ab325a0827f,,1.0,1.0
41,03,31042090,21,999,,209.16409627696444,156.17530619303386,4f42127b-de80-41e8-8f68-4ab325a0827f,,1.0,1.0
41,04,31042090,21,999,,102.11005164134555,159.98736979166665,4f42127b-de80-41e8-8f68-4ab325a0827f,,1.0,1.0
41,05,31042090,21,999,,142.4426108751751,313.69833424886076,4f42127b-de80-41e8-8f68-4ab325a0827f,,1.0,1.0
41,06,31042090,21,999,,197.80813865460013,207.89798329671228,4f42127b-de80-41e8-8f68-4ab325a0827f,,1.0,0.9442312354312352
41,07,31042090,21,999,,164.68550649474545,265.97348988850905,4f42127b-de80-41e8-8f68-4ab325a0827f,,1.0,1.0
41,08,31042090,21,999,,251.99858612060547,203.45664978027344,4f42127b-de80-41e8-8f68-4ab325a0827f,,1.0,1.0
41,09,31042090,21,999,,177.55128125210823,117.53534647623695,4f42127b-de80-41e8-8f68-4ab325a0827f,,1.0,1.0
41,10,31042090,21,999,,80.64260070346651,161.95742212931313,4f42127b-de80-41e8-8f68-4ab325a0827f,,1.0,1.0
41,11,31042090,21,999,,64.76620257028769,73.54837544759113,4f42127b-de80-41e8-8f68-4ab325a0827f,,1.0,1.0
41,12,31042090,21,999,,242.20653213862545,199.6388036092123,4f42127b-de80-41e8-8f68-4ab325a0827f,,1.0,1.0
